FWHM_MEAN,FWHM_MEDIAN,FWHM_STD,CENTROID_X,CENTROID_Y,RMS_X,RMS_Y,MEAN_ELLIPTICITY,PEAK_FREQUENCY,PEAK_POWER
0.12322746398002773,0.1246675716533446,0.018495061492966227,1116.8354609797477,954.4033182820681,74.90536835097657,56.5078237796293,0.1954601364122339
0.11668638779413026,0.11766614498834056,0.021768862598184398,1112.7090792568208,949.0925194713121,79.54893333327495,66.00517990074626,0.2294385427552363
