FWHM_MEAN,FWHM_MEDIAN,FWHM_STD,CENTROID_X,CENTROID_Y,RMS_X,RMS_Y,MEAN_ELLIPTICITY,PEAK_FREQUENCY,PEAK_POWER
0.09376586650837675,0.0900249836914851,0.02015109823253845,285.2455283168715,272.8475976829206,42.70941529696917,49.928095904577894,0.278647119739232
0.10511780969212256,0.10548647948804574,0.025825502116685575,293.53195436208034,259.6816068111625,41.5519470262549,59.525825464723646,0.29986094868242225
